step,time,reward,seed,critic_loss,actor_grad_norm
0.0,2.0270026,108.69722300000001,4,,
5000.0,223.98395999999997,182.36722600000002,4,2982.563232421875,31.97980117797852
10000.0,538.8416,356.930304,4,1614.7154541015625,46.5704345703125
20000.0,1496.6304,361.306005,4,3253.622314453125,154.3533477783203
30000.0,2613.064,442.026361,4,3284.040771484375,101.18112182617188
40000.0,3731.458,420.499391,4,1314.3714599609375,77.40959930419922
50000.0,4725.693,583.619034,4,1300.4881591796875,80.8404541015625
60000.0,5682.676,660.553804,4,1094.5643310546875,105.72550964355467
70000.0,6419.456,479.285942,4,954.2011108398438,54.57374954223633
80000.0,7056.217,728.999377,4,1615.126220703125,111.1894302368164
90000.0,7656.1410000000005,606.9981829999999,4,1499.0877685546875,74.23139190673828
100000.0,8795.282,5223.93431,4,1092.2679443359375,136.75660705566406
110000.0,9704.728,5144.10615,4,1332.6630859375,82.92744445800781
120000.0,10457.813,5211.16767,4,1106.2191162109375,118.26377868652344
130000.0,11189.708,2821.9790540000004,4,3023.671142578125,87.60861206054688
140000.0,11749.532,592.860114,4,1692.0718994140625,162.9205780029297
150000.0,12369.627,1003.651365,4,607.8527221679688,49.381534576416016
160000.0,13032.539,5456.4333,4,1890.1541748046875,122.42940521240234
170000.0,13653.319,5812.73467,4,840.1578979492188,77.16477966308594
180000.0,14261.294,4837.26463,4,1053.2987060546875,59.95182418823242
190000.0,14848.35,4188.00613,4,2015.2086181640625,128.13265991210938
200000.0,15448.485,6016.57332,4,1199.6439208984375,65.79148864746094
210000.0,16050.353999999998,5858.91493,4,1416.4920654296875,96.40858459472656
220000.0,16675.203,5939.73818,4,804.4658203125,43.601016998291016
230000.0,17228.518,5916.773090000001,4,1452.99169921875,117.0550537109375
240000.0,17829.475,4868.953733,4,528.2042846679688,37.59401321411133
250000.0,18370.617,6027.3751600000005,4,907.6007080078124,22.40229797363281
260000.0,18959.545,4878.276793999999,4,1261.3504638671875,52.20700454711914
270000.0,19476.691,6052.38507,4,2162.31103515625,32.918701171875
280000.0,20009.932,1590.3999609999998,4,285.4579772949219,31.70438766479492
290000.0,20582.143,5948.56789,4,1237.4793701171875,124.21456146240234
300000.0,21157.346,5992.56169,4,748.6088256835938,1200.6317138671875
310000.0,21719.535,6162.97093,4,838.8298950195312,47.6956787109375
320000.0,22262.533,5958.34699,4,174.61700439453125,93.375732421875
330000.0,22870.678,6170.16633,4,565.9689331054688,160.866455078125
340000.0,23401.426,6063.105310000001,4,1198.7847900390625,68.63330078125
350000.0,23945.094,6138.020780000001,4,1637.310302734375,91.95530700683594
360000.0,24534.088,4274.0345,4,1882.1663818359373,86.96369171142578
370000.0,25072.588,5694.125529999999,4,821.2284545898438,74.57488250732422
380000.0,25606.107,5581.017900000001,4,336.6354675292969,64.8963851928711
390000.0,26153.316,6186.65523,4,409.74462890625,178.14675903320312
400000.0,26687.172,6065.7824,4,241.56260681152344,71.5456314086914
410000.0,27217.225,6091.18537,4,258.8305358886719,33.044734954833984
420000.0,27758.215000000004,6204.85401,4,326.636962890625,30.601703643798828
430000.0,28282.620999999996,5645.5292739999995,4,706.1693725585938,128.7642822265625
440000.0,28868.104,5914.33885,4,552.50439453125,47.25469207763672
450000.0,29382.435999999998,6338.72271,4,147.4694366455078,63.03718566894531
460000.0,29959.29,2118.97925,4,403.1642761230469,261.34576416015625
470000.0,30549.922,4996.56631,4,190.5555877685547,19.071168899536133
480000.0,31188.15,5028.85622,4,505.9014587402344,50.473880767822266
490000.0,31719.245999999996,2364.934691,4,678.5888061523438,124.21581268310548
500000.0,32285.705000000005,6300.55515,4,646.3634643554688,48.47365188598633
0.0,2.0270026,143.8038279,5,,
5000.0,223.98395999999997,284.85434300000003,5,2344.774169921875,31.6351375579834
10000.0,538.8416,279.777727,5,3613.634521484375,75.48487091064453
20000.0,1496.6304,343.92605100000003,5,3517.1015625,73.48094177246094
30000.0,2613.064,463.1334,5,2061.171875,69.62199401855469
40000.0,3731.458,601.337671,5,1256.223388671875,83.18135070800781
50000.0,4725.693,637.436774,5,2005.19921875,85.7687759399414
60000.0,5682.676,4101.31261,5,1332.4991455078125,93.71285247802734
70000.0,6419.456,4936.6254500000005,5,1194.7376708984375,87.14573669433594
80000.0,7056.217,5561.41845,5,1547.1929931640625,81.43270874023438
90000.0,7656.1410000000005,4154.711176,5,910.9515991210938,110.27887725830078
100000.0,8795.282,4482.586509999999,5,1337.4599609375,108.1073760986328
110000.0,9704.728,1636.486474,5,2460.180419921875,82.6512451171875
120000.0,10457.813,2241.284418,5,1995.0201416015625,70.69139099121094
130000.0,11189.708,4454.0631,5,1357.0106201171875,115.96127319335938
140000.0,11749.532,2796.06216,5,1895.2705078125,56.77716827392578
150000.0,12369.627,5731.44361,5,413.4505920410156,72.13556671142578
160000.0,13032.539,5552.31579,5,473.4654846191406,55.19718170166016
170000.0,13653.319,5223.870985,5,822.8303833007812,37.44356536865234
180000.0,14261.294,6179.34863,5,887.8765869140625,70.88426971435547
190000.0,14848.35,4782.59219,5,1820.4976806640625,52.15987396240234
200000.0,15448.485,6304.86245,5,1104.0711669921875,63.26549911499024
210000.0,16050.353999999998,3065.84812,5,339.33917236328125,65.7159194946289
220000.0,16675.203,1963.7786500000002,5,702.82958984375,160.35020446777344
230000.0,17228.518,1105.821567,5,1114.7967529296875,77.41393280029297
240000.0,17829.475,1401.6698700000002,5,1213.98828125,60.65616607666016
250000.0,18370.617,2527.91468,5,521.3449096679688,32.155731201171875
260000.0,18959.545,3985.6431299999995,5,808.2093505859375,42.751163482666016
270000.0,19476.691,850.0159449999999,5,985.6066284179688,34.950233459472656
280000.0,20009.932,1546.01226,5,1683.6217041015625,102.7657699584961
290000.0,20582.143,953.8316350000001,5,1009.5098876953124,71.9500961303711
300000.0,21157.346,2040.91345,5,1060.203369140625,128.4507293701172
310000.0,21719.535,1623.964279,5,1368.2860107421875,81.835205078125
320000.0,22262.533,1630.51848,5,907.5084228515624,194.3780059814453
330000.0,22870.678,3068.07348,5,1118.3160400390625,115.38737487792967
340000.0,23401.426,2938.573915,5,1815.2119140625,114.1391372680664
350000.0,23945.094,2158.70609,5,589.32861328125,80.2386703491211
360000.0,24534.088,3300.36558,5,1576.3201904296875,161.59739685058594
370000.0,25072.588,2134.826127,5,1204.167724609375,92.0671157836914
380000.0,25606.107,1439.2877,5,1141.4599609375,76.40668487548828
390000.0,26153.316,2183.679726,5,1113.6246337890625,137.7976837158203
400000.0,26687.172,1795.842556,5,1699.501220703125,71.72306060791016
410000.0,27217.225,6313.90799,5,598.509765625,258.85418701171875
420000.0,27758.215000000004,3455.8337500000002,5,1843.736328125,71.28733825683594
430000.0,28282.620999999996,3874.51792,5,862.0787353515625,66.16864776611328
440000.0,28868.104,6625.433650000001,5,1137.407470703125,38.86695098876953
450000.0,29382.435999999998,3897.45733,5,1733.0972900390625,390.5247802734375
460000.0,29959.29,3243.620727,5,1448.7110595703125,79.1623306274414
470000.0,30549.922,4742.2325900000005,5,986.3419799804688,120.21268463134766
480000.0,31188.15,5545.84576,5,1150.2806396484375,142.88743591308594
490000.0,31719.245999999996,5837.73235,5,1089.6802978515625,449.621337890625
500000.0,32285.705000000005,3572.4770300000005,5,2433.063232421875,97.22592163085938
0.0,2.0270026,112.25992799999999,2,,
5000.0,223.98395999999997,288.765649,2,3850.757080078125,41.269187927246094
10000.0,538.8416,343.989641,2,2461.317138671875,44.36875534057617
20000.0,1496.6304,348.391008,2,2625.2763671875,73.01341247558594
30000.0,2613.064,493.26781200000005,2,1979.9879150390625,203.6474609375
40000.0,3731.458,389.26116,2,1436.9876708984375,111.42170715332033
50000.0,4725.693,441.59649099999996,2,1456.655517578125,80.37564849853516
60000.0,5682.676,1042.8603170000001,2,2225.64697265625,85.89198303222656
70000.0,6419.456,3217.88254,2,1761.7659912109375,87.2071762084961
80000.0,7056.217,1124.501204,2,2533.08251953125,177.230712890625
90000.0,7656.1410000000005,3935.31836,2,2114.94189453125,152.86814880371094
100000.0,8795.282,4393.64749,2,1689.7373046875,77.11175537109375
110000.0,9704.728,2527.65371,2,1694.0584716796875,110.59000396728516
120000.0,10457.813,4497.799779999999,2,1795.7591552734375,65.30081176757812
130000.0,11189.708,5419.69373,2,1735.044189453125,97.10468292236328
140000.0,11749.532,796.807968,2,2182.892822265625,129.08706665039062
150000.0,12369.627,4621.583903000001,2,1228.826171875,284.7252502441406
160000.0,13032.539,5799.27396,2,1232.868408203125,125.5855941772461
170000.0,13653.319,5203.73531,2,1706.6060791015625,60.82102584838867
180000.0,14261.294,1547.756092,2,1945.0823974609373,169.6179962158203
190000.0,14848.35,6164.26542,2,735.5531616210938,69.80574798583984
200000.0,15448.485,6282.220780000001,2,818.0316772460938,148.4280548095703
210000.0,16050.353999999998,2343.86462,2,1715.8218994140625,148.8834686279297
220000.0,16675.203,2223.1305500000003,2,2444.822021484375,77.94934844970703
230000.0,17228.518,861.143335,2,550.0961303710938,71.70796203613281
240000.0,17829.475,1634.56499,2,673.9494018554688,70.72500610351562
250000.0,18370.617,6497.23898,2,735.22509765625,177.2240753173828
260000.0,18959.545,1526.123366,2,1694.501220703125,79.22415161132812
270000.0,19476.691,6518.40685,2,1412.9158935546875,68.84815979003906
280000.0,20009.932,3228.526295,2,857.5513916015625,38.42718124389648
290000.0,20582.143,5529.49615,2,657.9864501953125,54.28940200805664
300000.0,21157.346,6069.61046,2,1250.311767578125,40.27903747558594
310000.0,21719.535,2669.90318,2,2539.530029296875,277.2268371582031
320000.0,22262.533,3175.85089,2,791.6015014648438,41.254154205322266
330000.0,22870.678,1738.059566,2,1268.062744140625,93.34781646728516
340000.0,23401.426,3221.02109,2,1239.9549560546875,58.57372283935547
350000.0,23945.094,2885.60369,2,1718.4437255859375,105.37134552001952
360000.0,24534.088,5848.024716,2,569.30322265625,39.80441284179688
370000.0,25072.588,6205.25289,2,924.4215698242188,60.93655014038086
380000.0,25606.107,7293.18351,2,956.8848876953124,110.2749481201172
390000.0,26153.316,2803.01113,2,1226.92578125,73.42646789550781
400000.0,26687.172,7178.906209999999,2,1487.0609130859375,117.75196075439452
410000.0,27217.225,7718.1281,2,2063.927734375,68.30843353271484
420000.0,27758.215000000004,7198.529850000001,2,971.5792846679688,58.931758880615234
430000.0,28282.620999999996,7260.18085,2,9568.5810546875,38.939186096191406
440000.0,28868.104,7625.124099999999,2,2072.476806640625,117.32496643066406
450000.0,29382.435999999998,7652.7333,2,2140.607421875,98.83372497558594
460000.0,29959.29,7356.81141,2,1575.34814453125,107.12471771240234
470000.0,30549.922,7492.30894,2,416.83447265625,85.9017333984375
480000.0,31188.15,7712.225759999999,2,1165.047119140625,82.91227722167969
490000.0,31719.245999999996,7786.155710000001,2,1496.2938232421875,132.3373260498047
500000.0,32285.705000000005,7738.07081,2,1396.4666748046875,293.6107788085937
0.0,2.0270026,129.9074845,1,,
5000.0,223.98395999999997,290.040951,1,3560.577392578125,40.49090576171875
10000.0,538.8416,295.36679300000003,1,3389.767333984375,67.89091491699219
20000.0,1496.6304,568.0977730000001,1,2670.443115234375,80.36309814453125
30000.0,2613.064,625.732038,1,1053.157470703125,149.84207153320312
40000.0,3731.458,422.85640300000006,1,1009.4226684570312,237.12200927734372
50000.0,4725.693,673.968663,1,1296.1785888671875,105.2699737548828
60000.0,5682.676,941.809528,1,1242.4345703125,109.181396484375
70000.0,6419.456,1065.86866,1,1202.327392578125,113.04901885986328
80000.0,7056.217,4950.09454,1,1989.2366943359373,51.34560394287109
90000.0,7656.1410000000005,4357.0752,1,1526.33154296875,66.84891510009766
100000.0,8795.282,1817.6938450000002,1,2032.02734375,101.42166900634766
110000.0,9704.728,3533.34347,1,2480.268310546875,82.40901184082031
120000.0,10457.813,776.987149,1,1953.9071044921875,77.07716369628906
130000.0,11189.708,2083.55147,1,1562.6510009765625,82.58882904052734
140000.0,11749.532,5384.10029,1,1646.9375,224.87966918945312
150000.0,12369.627,5695.88125,1,3258.615966796875,59.251590728759766
160000.0,13032.539,3477.00303,1,1795.0777587890625,74.84053039550781
170000.0,13653.319,4870.59398,1,1813.2587890625,87.08486938476562
180000.0,14261.294,1895.548521,1,1451.7144775390625,103.67604064941406
190000.0,14848.35,5789.78456,1,642.3460693359375,142.49517822265625
200000.0,15448.485,5724.10441,1,1449.0494384765625,42.30717849731445
210000.0,16050.353999999998,5876.20822,1,834.9871215820312,117.32195281982422
220000.0,16675.203,5762.55055,1,1054.3392333984375,51.42057037353516
230000.0,17228.518,5848.59078,1,1133.9202880859375,222.07180786132807
240000.0,17829.475,5749.44147,1,666.7072143554688,103.96607208251952
250000.0,18370.617,5841.0748,1,1600.8388671875,82.63383483886719
260000.0,18959.545,4958.175596,1,708.21533203125,46.58842468261719
270000.0,19476.691,5931.75103,1,240.2119140625,31.611034393310547
280000.0,20009.932,1960.1944749999998,1,412.1312561035156,58.060577392578125
290000.0,20582.143,3800.0719870000003,1,438.1732482910156,71.13017272949219
300000.0,21157.346,6247.07533,1,1353.336669921875,55.14285659790039
310000.0,21719.535,5624.977489999999,1,178.54159545898438,61.17350006103516
320000.0,22262.533,2481.270106,1,1666.3466796875,116.1897964477539
330000.0,22870.678,1492.2970129999999,1,651.840087890625,187.91232299804688
340000.0,23401.426,3435.049,1,664.9996337890625,167.65614318847656
350000.0,23945.094,5610.42964,1,296.8638610839844,48.59455490112305
360000.0,24534.088,5987.72025,1,2059.40234375,47.72696685791016
370000.0,25072.588,3853.15974,1,4573.47509765625,53.3355712890625
380000.0,25606.107,3241.43607,1,1312.9619140625,92.32599639892578
390000.0,26153.316,6497.53439,1,450.741455078125,28.109798431396484
400000.0,26687.172,6685.38341,1,221.1158447265625,81.19022369384766
410000.0,27217.225,5934.23476,1,537.4326782226562,14.687631607055664
420000.0,27758.215000000004,6750.07968,1,1558.1700439453125,48.49871063232422
430000.0,28282.620999999996,5589.039,1,361.8501586914063,81.7322998046875
440000.0,28868.104,6432.19234,1,440.3053283691406,62.06654357910156
450000.0,29382.435999999998,6088.11693,1,550.9362182617188,85.6231918334961
460000.0,29959.29,5694.694004,1,1940.2952880859373,160.17942810058594
470000.0,30549.922,7144.89547,1,256.6490478515625,37.59083557128906
480000.0,31188.15,2393.21577,1,1595.78076171875,108.41397857666016
490000.0,31719.245999999996,1434.3673000000001,1,906.0079956054688,54.94615173339844
500000.0,32285.705000000005,5545.06649,1,497.8738403320313,101.46736145019533
0.0,2.0270026,97.3597595,3,,
5000.0,223.98395999999997,344.51706,3,4395.55322265625,147.3894805908203
10000.0,538.8416,245.147622,3,1879.6595458984373,149.22926330566406
20000.0,1496.6304,512.069042,3,4545.26416015625,192.4185791015625
30000.0,2613.064,473.640689,3,2645.815673828125,195.1054229736328
40000.0,3731.458,619.0704029999999,3,2293.297607421875,155.23648071289062
50000.0,4725.693,683.103003,3,1442.33447265625,83.01258850097656
60000.0,5682.676,1757.6443,3,1679.9654541015625,104.91676330566406
70000.0,6419.456,2918.37605,3,2366.69384765625,98.34412384033205
80000.0,7056.217,4110.74724,3,2301.437255859375,91.79977416992188
90000.0,7656.1410000000005,5200.01324,3,891.4684448242188,93.52654266357422
100000.0,8795.282,5408.21486,3,1362.6171875,148.95611572265625
110000.0,9704.728,2280.128406,3,1124.3717041015625,91.38932800292967
120000.0,10457.813,5194.68602,3,1987.5582275390625,85.2399673461914
130000.0,11189.708,1999.15068,3,1433.30224609375,79.07743835449219
140000.0,11749.532,1182.157195,3,1885.2652587890625,73.7591552734375
150000.0,12369.627,1800.06608,3,531.3739624023438,55.520843505859375
160000.0,13032.539,2584.71999,3,1672.3267822265625,46.30843353271485
170000.0,13653.319,2433.79698,3,1605.6937255859375,201.67971801757807
180000.0,14261.294,2772.012895,3,1368.7996826171875,70.2525634765625
190000.0,14848.35,1920.235297,3,1584.3321533203125,66.17216491699219
200000.0,15448.485,5109.0623,3,1718.957275390625,83.68701171875
210000.0,16050.353999999998,4843.7157,3,646.3858032226562,40.54095077514648
220000.0,16675.203,1225.654041,3,1912.8074951171875,77.00568389892578
230000.0,17228.518,1480.015841,3,1443.71923828125,49.30769729614258
240000.0,17829.475,1952.9813399999998,3,624.157958984375,31.658451080322266
250000.0,18370.617,4103.669856,3,2437.904296875,290.3377990722656
260000.0,18959.545,1852.7875159999999,3,457.2395629882813,59.29429244995117
270000.0,19476.691,3461.927514,3,1104.18603515625,118.81487274169922
280000.0,20009.932,1675.4401579999999,3,2150.989990234375,47.58066940307617
290000.0,20582.143,1168.456044,3,2424.2880859375,51.48256301879883
300000.0,21157.346,5760.28166,3,514.2861938476562,116.65628814697266
310000.0,21719.535,5488.530736,3,833.1793212890625,61.1118392944336
320000.0,22262.533,7208.89336,3,943.0480346679688,70.79132080078125
330000.0,22870.678,7654.42181,3,1062.8690185546875,49.39524841308594
340000.0,23401.426,6706.46531,3,595.9566040039062,51.79647445678711
350000.0,23945.094,4871.55205,3,684.115234375,60.34916687011719
360000.0,24534.088,7729.05666,3,1054.6998291015625,151.5141143798828
370000.0,25072.588,7576.099550000001,3,953.9249877929688,33.949466705322266
380000.0,25606.107,7774.089010000001,3,1232.89990234375,62.71339416503906
390000.0,26153.316,7627.0507,3,1717.009765625,63.22698211669922
400000.0,26687.172,7620.783439999999,3,574.457763671875,24.87527656555176
410000.0,27217.225,7746.320239999999,3,1395.8067626953125,21.258169174194336
420000.0,27758.215000000004,7938.50715,3,847.5714111328125,568.8429565429688
430000.0,28282.620999999996,6941.62059,3,2388.74072265625,38.04806900024414
440000.0,28868.104,7694.06914,3,255.74462890625,32.41636657714844
450000.0,29382.435999999998,7933.09041,3,610.0989379882812,203.64569091796875
460000.0,29959.29,7890.02339,3,374.43756103515625,69.21397399902344
470000.0,30549.922,7766.94565,3,1458.360595703125,79.64677429199219
480000.0,31188.15,7962.1972,3,935.6769409179688,43.33409118652344
490000.0,31719.245999999996,8027.193249999999,3,259.4254455566406,42.82406997680664
500000.0,32285.705000000005,7894.63827,3,338.4058837890625,33.560829162597656
0.0,2.0270026,119.8920979,7,,
5000.0,223.98395999999997,294.944619,7,1428.363037109375,26.563087463378903
10000.0,538.8416,351.78544999999997,7,2173.4873046875,69.4958267211914
20000.0,1496.6304,361.696754,7,2217.890625,75.2461929321289
30000.0,2613.064,429.90428199999997,7,1773.49609375,166.26763916015625
40000.0,3731.458,646.193571,7,1299.1669921875,87.18348693847656
50000.0,4725.693,548.414495,7,1453.6099853515625,77.44818878173828
60000.0,5682.676,4934.602000000001,7,1587.6844482421875,85.39520263671875
70000.0,6419.456,1426.4807,7,1921.943603515625,103.001708984375
80000.0,7056.217,3763.71564,7,1783.091064453125,92.86711120605467
90000.0,7656.1410000000005,2120.8048000000003,7,1720.0120849609375,140.230224609375
100000.0,8795.282,1698.36122,7,1684.888671875,114.52310943603516
110000.0,9704.728,4363.29237,7,730.008544921875,178.6479949951172
120000.0,10457.813,581.8934780000001,7,1475.7476806640625,75.97582244873047
130000.0,11189.708,5663.60461,7,1807.4722900390625,72.94730377197266
140000.0,11749.532,5208.40699,7,1157.3665771484375,76.44894409179688
150000.0,12369.627,4614.2481800000005,7,1874.8511962890625,52.897830963134766
160000.0,13032.539,4474.84616,7,1423.5120849609375,44.05056381225586
170000.0,13653.319,5153.11058,7,606.1388549804688,37.74338912963867
180000.0,14261.294,3430.08371,7,2364.987060546875,38.859901428222656
190000.0,14848.35,3458.11334,7,1429.48779296875,86.60504150390625
200000.0,15448.485,3901.1427000000003,7,1609.3349609375,86.58975982666016
210000.0,16050.353999999998,5010.33979,7,1471.2962646484375,200.90830993652344
220000.0,16675.203,4309.05032,7,724.8204345703125,101.04048919677734
230000.0,17228.518,4421.254330000001,7,446.3401489257813,41.54445266723633
240000.0,17829.475,3363.839024,7,972.8181762695312,46.316871643066406
250000.0,18370.617,685.1198919999999,7,642.0119018554688,88.67864990234375
260000.0,18959.545,3040.37513,7,651.2218017578125,95.85224151611328
270000.0,19476.691,2121.7845420000003,7,870.5367431640625,39.79240036010742
280000.0,20009.932,3838.23729,7,723.6663818359375,36.745643615722656
290000.0,20582.143,6652.28088,7,1815.6937255859373,50.22797393798828
300000.0,21157.346,2127.758361,7,1753.5093994140625,88.2829360961914
310000.0,21719.535,6652.794629999999,7,826.865234375,58.1268310546875
320000.0,22262.533,3910.174389,7,874.8570556640625,45.23995971679688
330000.0,22870.678,7003.39237,7,1229.60205078125,57.62619018554688
340000.0,23401.426,6948.707850000001,7,1074.518798828125,33.43966293334961
350000.0,23945.094,7170.5794,7,1051.2879638671875,48.325286865234375
360000.0,24534.088,5394.85329,7,1313.05224609375,121.1931610107422
370000.0,25072.588,7425.494349999999,7,1409.8427734375,46.86296463012695
380000.0,25606.107,7126.626450000001,7,497.9799499511719,102.70445251464844
390000.0,26153.316,7392.02457,7,970.9960327148438,36.845062255859375
400000.0,26687.172,6672.583349999999,7,1151.029296875,47.87236404418945
410000.0,27217.225,3363.393264,7,331.46221923828125,282.4407653808594
420000.0,27758.215000000004,7282.503470000001,7,1639.675048828125,38.3609504699707
430000.0,28282.620999999996,1272.4956339999999,7,683.0975952148438,42.03429412841797
440000.0,28868.104,7377.80611,7,1062.5908203125,84.45314025878906
450000.0,29382.435999999998,6055.25832,7,772.661376953125,71.30115509033203
460000.0,29959.29,7294.0909,7,427.34912109375,42.32910919189453
470000.0,30549.922,7584.35065,7,1103.9881591796875,74.79335021972656
480000.0,31188.15,7686.427659999999,7,1402.2958984375,26.798873901367188
490000.0,31719.245999999996,7432.444229999999,7,1007.48046875,343.9769592285156
500000.0,32285.705000000005,7274.325650000001,7,643.9485473632812,82.0572738647461
0.0,2.0270026,113.35465610000001,0,,
5000.0,223.98395999999997,286.546263,0,2081.799560546875,29.16802406311035
10000.0,538.8416,300.51989100000003,0,3728.525390625,52.98999786376953
20000.0,1496.6304,242.37854299999998,0,1664.095703125,86.13108825683594
30000.0,2613.064,368.582357,0,1541.6771240234375,101.47111511230467
40000.0,3731.458,432.597834,0,1296.7313232421875,122.30052185058594
50000.0,4725.693,398.794909,0,1191.0555419921875,70.95172882080078
60000.0,5682.676,1579.118531,0,2168.85888671875,171.12147521972656
70000.0,6419.456,2271.77419,0,2360.847412109375,185.5964508056641
80000.0,7056.217,4354.873794,0,1900.7613525390625,94.4171371459961
90000.0,7656.1410000000005,3936.0751900000005,0,1869.271728515625,65.1143798828125
100000.0,8795.282,3799.93019,0,1806.063720703125,83.71795654296875
110000.0,9704.728,4954.07143,0,2397.8203125,70.76347351074219
120000.0,10457.813,2920.362736,0,811.6992797851562,103.75946807861328
130000.0,11189.708,1663.6661049999998,0,1292.0240478515625,49.16885757446289
140000.0,11749.532,876.5635,0,975.8338012695312,79.16068267822266
150000.0,12369.627,4968.73696,0,1233.5052490234375,76.60185241699219
160000.0,13032.539,4869.0162199999995,0,1762.115478515625,94.10804748535156
170000.0,13653.319,3733.04977,0,1566.565185546875,130.18890380859375
180000.0,14261.294,5524.97289,0,930.2488403320312,72.31576538085938
190000.0,14848.35,4958.11189,0,578.10546875,129.23602294921875
200000.0,15448.485,5532.36653,0,776.8375244140625,44.95573043823242
210000.0,16050.353999999998,5957.75487,0,830.8158569335938,67.54410552978516
220000.0,16675.203,5514.88212,0,726.7648315429688,70.15731811523438
230000.0,17228.518,5186.6443,0,391.7481384277344,42.82165145874024
240000.0,17829.475,5470.8751600000005,0,1257.3470458984375,39.482872009277344
250000.0,18370.617,5470.6496400000005,0,1062.8514404296875,48.81591796875
260000.0,18959.545,3456.2052900000003,0,1007.5663452148438,27.58099937438965
270000.0,19476.691,5110.77535,0,2200.796142578125,60.65697479248047
280000.0,20009.932,4494.267519999999,0,1152.3070068359375,33.785675048828125
290000.0,20582.143,2454.492198,0,385.1808776855469,91.0474090576172
300000.0,21157.346,6033.9863700000005,0,1411.0765380859375,41.7801628112793
310000.0,21719.535,5636.43776,0,1062.679443359375,112.8667449951172
320000.0,22262.533,3318.618926,0,450.0262756347656,43.628517150878906
330000.0,22870.678,3740.52848,0,963.3851928710938,23.82381248474121
340000.0,23401.426,5141.35257,0,709.8082885742188,76.9455795288086
350000.0,23945.094,5956.87259,0,1480.3482666015625,40.722537994384766
360000.0,24534.088,6096.78016,0,569.8944702148438,36.51945495605469
370000.0,25072.588,1864.80861,0,595.7388916015625,47.74262237548828
380000.0,25606.107,3202.972135,0,158.58399963378906,87.60936737060547
390000.0,26153.316,5768.02205,0,392.31048583984375,68.5919189453125
400000.0,26687.172,1772.3132369999998,0,279.7019958496094,54.16098403930664
410000.0,27217.225,4037.1514300000003,0,458.5083923339844,29.9512882232666
420000.0,27758.215000000004,6148.58021,0,395.09185791015625,19.209272384643555
430000.0,28282.620999999996,1173.12519,0,274.07818603515625,79.84317016601562
440000.0,28868.104,6408.90057,0,1459.4150390625,46.12990188598633
450000.0,29382.435999999998,5997.19169,0,266.3468933105469,21.976268768310547
460000.0,29959.29,6085.7021,0,301.868408203125,58.62889862060547
470000.0,30549.922,5938.12585,0,801.3229370117188,23.80890655517578
480000.0,31188.15,4126.2646,0,504.7143249511719,36.20867156982422
490000.0,31719.245999999996,5229.823109999999,0,353.51690673828125,21.7198429107666
500000.0,32285.705000000005,1085.6206550000002,0,310.0194091796875,26.0627384185791
0.0,2.0270026,127.249334,6,,
5000.0,223.98395999999997,280.45975899999996,6,311.7973327636719,25.19631576538086
10000.0,538.8416,615.0184879999999,6,2862.21044921875,61.53456115722656
20000.0,1496.6304,384.37002900000005,6,1658.225830078125,85.88424682617188
30000.0,2613.064,434.490614,6,2903.13818359375,141.31993103027344
40000.0,3731.458,488.01079300000004,6,1934.6937255859373,132.8988800048828
50000.0,4725.693,1041.39661,6,1187.4273681640625,90.2536163330078
60000.0,5682.676,3294.51795,6,2251.896240234375,82.53902435302734
70000.0,6419.456,3295.6597800000004,6,3474.5390625,131.12124633789062
80000.0,7056.217,5412.45197,6,2508.954345703125,103.63897705078124
90000.0,7656.1410000000005,3576.1847499999994,6,2451.45703125,109.58819580078124
100000.0,8795.282,5361.700650000001,6,2573.358154296875,107.6841049194336
110000.0,9704.728,5311.80635,6,1885.8980712890625,91.40380096435548
120000.0,10457.813,5295.60516,6,1270.68310546875,66.8024673461914
130000.0,11189.708,5797.36245,6,1414.815673828125,153.6941375732422
140000.0,11749.532,5541.2381000000005,6,4178.01416015625,96.03697204589844
150000.0,12369.627,5705.74738,6,1165.027587890625,57.83152770996094
160000.0,13032.539,6026.31209,6,1494.6966552734375,48.45302581787109
170000.0,13653.319,5659.31267,6,1238.9384765625,87.89180755615234
180000.0,14261.294,5764.276080000001,6,930.4508056640624,41.70899963378906
190000.0,14848.35,5739.65943,6,1456.5052490234375,132.07666015625
200000.0,15448.485,4522.33006,6,551.8116455078125,69.09733581542969
210000.0,16050.353999999998,1188.20082,6,1464.384765625,69.1209945678711
220000.0,16675.203,1322.116634,6,1325.272705078125,70.8981704711914
230000.0,17228.518,1928.85858,6,1356.8974609375,95.03636169433594
240000.0,17829.475,1332.657685,6,1244.5789794921875,136.8040008544922
250000.0,18370.617,2117.082706,6,985.9078369140624,64.39546203613281
260000.0,18959.545,1821.4906660000001,6,457.2366333007813,48.54848861694336
270000.0,19476.691,3121.73628,6,2285.974609375,89.71371459960938
280000.0,20009.932,616.782618,6,1525.4129638671875,62.526329040527344
290000.0,20582.143,3673.140156,6,820.9636840820312,73.27405548095703
300000.0,21157.346,1141.737034,6,1007.1583862304688,53.947265625
310000.0,21719.535,5401.7220099999995,6,1675.1878662109375,57.36163711547852
320000.0,22262.533,3077.0873,6,785.8197021484375,62.366336822509766
330000.0,22870.678,5289.19049,6,1226.8111572265625,95.23854064941406
340000.0,23401.426,5571.188319999999,6,927.2048950195312,49.3237533569336
350000.0,23945.094,6830.210529999999,6,2222.369873046875,163.28402709960938
360000.0,24534.088,6586.609699999999,6,2700.419677734375,76.28008270263672
370000.0,25072.588,6698.68848,6,1241.873291015625,73.32158660888672
380000.0,25606.107,6186.492744,6,712.7208862304688,100.77416229248048
390000.0,26153.316,7243.7569699999995,6,1779.3843994140625,114.17518615722656
400000.0,26687.172,7360.93297,6,1004.4899291992188,104.83819580078124
410000.0,27217.225,7391.533719999999,6,921.6181640625,105.26593017578124
420000.0,27758.215000000004,7477.6530299999995,6,419.7478637695313,36.299407958984375
430000.0,28282.620999999996,7322.663160000001,6,2246.20166015625,98.51602935791016
440000.0,28868.104,7324.60502,6,813.1271362304688,90.8378677368164
450000.0,29382.435999999998,7447.68065,6,1692.6737060546875,97.9740982055664
460000.0,29959.29,7693.094590000001,6,1414.883056640625,59.72896194458008
470000.0,30549.922,7608.379610000001,6,1022.1965942382812,40.223026275634766
480000.0,31188.15,7487.69768,6,667.2484741210938,72.87091064453125
490000.0,31719.245999999996,7532.173720000001,6,709.626220703125,23.53792953491211
500000.0,32285.705000000005,7440.48153,6,521.5580444335938,30.706422805786133
